Keyword,Search Volume
citerne,8100
raccord plomberie,6600
adblue prix,5400
cuve 1000 litres,4400
station adblue,4400
raccords,4400
raccords plomberie,4400
cuve recuperation eau de pluie,4400
plomberie raccordement,3600
cuve,3600
cuve a eau,2900
admissio,2900
cuve 1000l,2900
pompe adblue,2900
ad blue prix,2900
pompe puit,2900
renault tracteur,2900
pompe de surface,2900
cuve récupération des eaux de pluie,2400
relais thermique,2400
voyant adblue,2400
cuve de recuperation eau pluviale,2400
adblue composition,2400
pompe pour puit,2400
pompe à puit,2400
surpresseur et pompe,1900
pompe vide cave flotteur intégré,1900
pompe eau,1900
pompe surpresseur,1900
composition adblue,1900
cuve eau de pluie,1900
plomberie raccords,1900
pompe de relevage sanitaire,1900
pompe a graisse electrique,1900
citerne eau de pluie,1900
raccord pvc,1900
recuperation eau de pluie cuve,1900
cuve à eau,1600
surpresseur pompe,1600
vanne eau,1600
manometre pression eau,1600
cuve pour recuperation eau de pluie,1600
cuve eau,1600
raccord en plomberie,1600
raccord pompier,1600
jerrican alimentaire,1600
supression,1600
marque de tracteur,1300
pompe vide piscine,1300
pompe centrifuge,1300
pompe pour vider piscine,1300
station gnv,1300
pompe arrosage,1300
graisseur,1300
pompe pour un puit,1300
cuve récupération eau de pluie,1300
cuve a eau 1000,1300
pompe gasoil,1300
cuve pour eau de pluie,1300
pompe à graisse,1300
pompe de jardin,1300
pompe pour vider la piscine,1300
distribagri,1300
cuve de récupération eau de pluie,1300
pompe electrique gasoil,1000
cuve à eau de pluie,1000
cuve pour recuperer eau de pluie,1000
pompes de relevage,1000
pompage electrique,1000
pompe pour arrosage,1000
pompe de puits,1000
d22,1000
pompe pour vider une piscine,1000
pompe de relevage eaux pluviales,1000
cuve eau 1000l,1000
pompe électrique pour eau,1000
burette à huile,1000
pompe à gasoil électrique,1000
pression eau maison,1000
d 22 renault,1000
pompe immergee pour puit,1000
tracteur marque,1000
citerne à eau de pluie,1000
pompe de relevage eaux chargées,1000
citerne pour eau de pluie,1000
reservoir pour eau de pluie,1000
recuperer eau de pluie,1000
récupération eau de pluie,1000
pompe pour vidanger une piscine,1000
pompe d arrosage,1000
cuve pour eau,1000
manometre eau pression,1000
cuve à eau 1000l,1000
renault d22,1000
pompe pour vidange huile moteur,1000
pompe pour eaux chargées,1000
pompe d'arrosage,1000
marque tracteur,1000
essence tva,880
pompe serpillère,880
pompe à gasoil,880
pompage puits,880
récupération des eaux de pluie,880
eau de pluie récupération,880
cuve recuperateur eau de pluie,880
tracteur occasion renault,880
moteur pour pompe,880
tuyau eau potable,880
pompe et moteur,880
voyant ad blue,880
récupération eau de pluie cuve,880
pompe gasoil electrique,880
pompe qui aspire l'eau,720
prix du litre adblue à la pompe,720
tracteur marques,720
pompe a aux,720
cuves eau de pluie,720
pompe crepine,720
tricoise pompier,720
citerne eau,720
moteur pompe,720
pompe de relevage pour eaux chargées,720
tracteurs renault,720
cuve de récupération des eaux de pluie,720
cuve eau de pluis,720
disjoncteur magnétothermique,720
pressostat pompe,720
pompe aspiration eau,720
marque tracteurs,720
crepine pour pompe,720
consommation adblue,720
pompe à huile recette,720
pompes immergée pour puit,720
cuve gnr,720
immergée,720
pompe auto amorçante,720
pompe pour adblue,720
pompe huile,720
pompe pour le puit,720
recuperation des eaux de pluies,720
pompage puit,720
burettes,720
hmt,720
cuve récupération eau de pluie 10000l,720
pressostat pour surpresseur,590
pompe electrique pour gasoil,590
un broc,590
pompe à eaux chargées,590
pompe de relevage machine à laver,590
surpresseur d eau,590
crepine pompe,590
vide piscine,590
pompe a fioul,590
regulateur de pression d'eau,590
recuperation eaux de pluie,590
tracteurs bleus,590
pompe à forage,590
pompe vidange piscine,590
cuve 1000l eau,590
tracteurs marques,590
pompe de relevage pour machine à laver,590
cuve enterrée,590
pompe hydraulique sur prise de force,590
tuyau pour eau,590
m/f/f,590
pompe serpillere,590
ad blue composition,590
cuve 5000 litres,590
recuperateur d eau 500l,590
pompe a graisse manuel,590
prix adblue à la pompe,590
cuve eau de pluie enterrée,590
citerne à eau,590
tuyau à eau,590
enrouleur pour tuyau,590
récupération d'eau de pluie,590
pompe à pétrole électrique,590
rallonge robinet,590
pompe et surpresseur,590
jauge cuve fioul,590
cuve eau 1000,480
station service gnr autour de moi,480
pompe fioul,480
degazage cuve fuel,480
prix ad blue,480
cuve pour eau de pluie enterrée,480
pompe cuve 1000l,480
cuve à eau de pluie à enterrer,480
cuve à enterrer eau de pluie,480
reglage pressostat,480
pompe pour petrole electrique,480
adblue urine,480
tracteur renault d22,480
tracteur super 5 renault,480
pompe pour evacuer eau,480
tracteur renault super 5,480
pressostat eau,480
ballon surpresseur,480
pompe gasoil 12v,480
plus de pression d'eau mais pas de fuite,480
pompe avec surpresseur,480
pompe à graisse manuelle,480
voyant adblue combien de km,480
pompe de cave,480
disjoncteur magnéto-thermique,480
dimension cuve 1000l,480
cuve enterrée eau de pluie,480
pression eau maison 4 bars,480
entretien pompe de relevage,480
tracteur avto,480
vidange pompe,480
pompes immergées forage,480
cuve 3000 litres,480
pompe manuelle essence,480
cuve à eau 10000l,480
cuve à eau 5000l,480
cuve à eau de pluie 5000L,480
cuve à eau de pluie 10000L,480